Iteration,Iteration_CPU_Time,Total_CPU_Time,Objective
0,3942.78764486,4896.67941093,0.061567312341859366
1,4874.41852307,9771.098001,0.07405949112315852
